month,year,component,question number,topic,text
m,2020,42,1,5 Electricity and chemistry,
m,2020,42,2,10 Metals,
m,2020,42,3,7 Chemical reactions,
m,2020,42,4,14 Organic chemistry,
m,2020,42,5,7 Chemical reactions,
s,2020,41,1,6 Chemical energetics,
s,2020,41,2,"8 Acids, bases and salts",
s,2020,41,3,7 Chemical reactions,
s,2020,41,4,12 Sulfur,
s,2020,41,5,2 Experimental techniques,
s,2020,42,1,"8 Acids, bases and salts",
s,2020,42,2,7 Chemical reactions,
s,2020,42,3,5 Electricity and chemistry,
s,2020,42,4,6 Chemical energetics,
s,2020,42,5,12 Sulfur,
s,2020,43,1,12 Sulfur,
s,2020,43,2,"3 Atoms, elements and compounds",
s,2020,43,3,4 Stoichiometry,
s,2020,43,4,4 Stoichiometry,
s,2020,43,5,5 Electricity and chemistry,
w,2020,41,1,6 Chemical energetics,
w,2020,41,2,"8 Acids, bases and salts",
w,2020,41,3,7 Chemical reactions,
w,2020,41,4,12 Sulfur,
w,2020,41,5,2 Experimental techniques,
w,2020,42,1,"8 Acids, bases and salts",
w,2020,42,2,7 Chemical reactions,
w,2020,42,3,12 Sulfur,
w,2020,42,4,9 The Periodic Table,
w,2020,42,5,6 Chemical energetics,
w,2020,43,1,12 Sulfur,
w,2020,43,2,"3 Atoms, elements and compounds",
w,2020,43,3,4 Stoichiometry,
w,2020,43,4,4 Stoichiometry,
w,2020,43,5,5 Electricity and chemistry,
m,2020,22,1,14 Organic chemistry,The formula of methane is CH4 and the formula of ethane is C2H6. Which row describes diffusion and the relative rates of diffusion of methane and ethane? description of diffusion relative rate of diffusion A particles move from a high concentration to a low concentration ethane diffuses more quickly than methane B particles move from a high concentration to a low concentration methane diffuses more quickly than ethane C particles move from a low concentration to a high concentration ethane diffuses more quickly than methane D particles move from a low concentration to a high concentration methane diffuses more quickly than e
m,2020,22,2,2 Experimental techniques,Which test is used to show that a sample of water is pure? Evaporate the water to see if any solids remain. B Heat the water to check its boiling point. C Test with anhydrous cobalt(II) chloride. D Use universal indicator paper to check its pH.
m,2020,22,3,2 Experimental techniques,Chromatography is used to separate and identify the components in both coloured and colourless mixtures. For colourless mixtures the chromatogram has to be treated with another chemical. What is the name of this type of chemical? colouring agent B display agent C finding agent D locating agent
m,2020,22,4,"3 Atoms, elements and compounds",Lithium reacts with fluorine to form the compound lithium fluoride. Which statement about this reaction is correct? Each fluorine atom gains one electron. B Each fluorine atom gains two or more electrons. C Each fluorine atom loses one electron. D Each fluorine atom loses two or more electrons
m,2020,22,5,"3 Atoms, elements and compounds","14
6 and C12
6 are isotopes of carbon.
Which statement about these isotopes is correct? 12 6 is more reactive than C14 6 because the atoms have less mass. B C12 6 is more reactive than C14 6 because the atoms have different numbers of neutrons. C The reactions of C12 6 are similar to C14 6 because they have the same number of outer shell electrons. D The reactions of C12 6 are similar to C14 6 because they have the same number of protons in the nucleus."
m,2020,22,6,"3 Atoms, elements and compounds","The molecular structure of hydrazine, N2H4, is shown.  Which description of the bonding in hydrazine is not correct?  Each nitrogen atom has a non-bonding pair of electrons. B Each nitrogen atom has four bonding pairs of electrons. C Each nitrogen atom shares one of its electrons with a nitrogen atom. D Each nitrogen atom shares two of its electrons with hydrogen atoms."
m,2020,22,9,4 Stoichiometry,The equation for the decomposition of magnesium nitrate is shown. 2Mg(NO3)2(s) → 2MgO(s) + 4NO2(g) + O2(g) Which volume of gas is produced when 0.1 moles of magnesium nitrate is decomposed completely? 1.2 dm3 B 4.8 dm3 C 6.0 dm3 D 8.4 dm3
m,2020,22,10,5 Electricity and chemistry,Which statements about the electrolysis of molten lead(II) bromide are correct? 1 Lead ions move to the anode and are oxidised. 2 Lead ions move to the cathode and are reduced. 3 Bromide ions move to the anode and are oxidised. 4 Bromide ions move to the cathode and are reduced. 2 and 3 
m,2020,22,11,5 Electricity and chemistry,Aqueous copper(II) sulfate is electrolysed using carbon electrodes. Which statement is correct? Bubbles of hydrogen are formed at the anode. B Bubbles of oxygen gas are formed at the cathode. C Copper is deposited at the anode. D The blue colour of the solution fades
m,2020,22,12,6 Chemical energetics,"Nitrogen trifluoride, NF3, is used in the manufacture of certain types of solar panels. The equation
for the formation of nitrogen trifluoride is shown.
N2 + 3F2 → 2NF3
type of bond bond energy (kJ mol–1)
N≡N +950
F–F +150
N–F +280
Using the table of bond energies, what is the energy change for this reaction?  –560 kJ mol–1 B –280 kJ mol–1 C +280 kJ mol–1 D +3080 kJ mol"
m,2020,22,13,6 Chemical energetics,Which statements about hydrogen fuel cells are correct? 1 The reaction between hydrogen and oxygen is endothermic. 2 The waste product in a hydrogen fuel cell is water. 3 A chemical reaction in the cell produces hydrogen which is used as the fuel. 4 A hydrogen fuel cell is used to generate electricity. 2 and 4
m,2020,22,14,7 Chemical reactions,"Which change is a physical change? A Copper(II) carbonate changes colour from green to black when it is heated, and stays black when it cools. B Ethanol reacts with oxygen to form carbon dioxide and water. C Hydrogen peroxide decomposes into water and oxygen when it is boiled. D Ice forms liquid water when it is heated."
m,2020,22,15,7 Chemical reactions,"A student adds excess magnesium ribbon to 10 cm3
 of 0.5 mol / dm3
 sulfuric acid.
The hydrogen gas is collected and its volume measured every 10 seconds.
The experiment is repeated using the same mass of magnesium ribbon with 5cm3
 of 0.5mol / dm3
sulfuric acid added to 5 cm3
 of water.
Which graph shows the results of the second experiment?  volume of hydrogen / cm3 A B C D original experiment time/seconds"
m,2020,22,16,7 Chemical reactions,An equilibrium reaction is shown. N2O4(g) 2NO2(g) The forward reaction is endothermic. What is the effect of changing the temperature and pressure on the equilibrium position? increasing temperature increasing pressure A moves to the left moves to the left B moves to the left moves to the right C moves to the right moves to the left D moves to the right moves to the right
m,2020,22,17,7 Chemical reactions,In which reaction is the underlined compound acting as a reducing agent?  CO2 + C → 2CO B 2CuO + C → 2Cu + CO2 C Fe2O3 + 3CO → 2Fe + 3CO2 D CaCO3 + 2HCl → CaCl 2 + H2O + CO2
m,2020,22,18,"8 Acids, bases and salts","X, Y and Z are oxides of elements in the same row of the Periodic Table.
Some information about each oxide is shown.
oxide solubility
in water
ability to
neutralise
an acid
ability to
neutralise
an alkali
X soluble   key
Y insoluble   = able
Z slightly soluble   = not able  acidic amphoteric basic B amphoteric basic basic C basic amphoteric acidic D basic acidic amphoteric"
m,2020,22,19,"8 Acids, bases and salts",Four different acids are dissolved in water. Which beaker contains the most concentrated strong acid solution? Z– Z– Z– Z– Z– Z– Y– Y– X– C H+ H+ H+ H+ W– W– W– W
m,2020,22,20,"8 Acids, bases and salts",
m,2020,22,21,"8 Acids, bases and salts","Salt S is dissolved in water and three tests are carried out on the solution. test result 1 aqueous sodium hydroxide is added green precipitate formed, insoluble in excess sodium hydroxide 2 dilute nitric acid is added no reaction 3 aqueous barium nitrate is added to the acidified solution from test 2 white precipitate formed What is the identity of S? ron(II) sulfatecopper(II) chloride
B copper(II) sulfate
C iron(II) chloride
D iron(II) sulfate "
m,2020,22,22,9 The Periodic Table,Which statement about the Periodic Table is correct? Most metallic elements are on the left. B Elements in the same period have the same number of outer electrons. C Elements on the left are usually gases. D The relative atomic mass of the elements increases from right to left.
m,2020,22,23,9 The Periodic Table,"The diagram shows elements W, X, Y and Z in a section of the Periodic Table. X Y Z W Which statement about the reactivity of the elements is correct? X is more reactive than Y, and W is more reactive than Z. B X is more reactive than Y, and Z is more reactive than W. C Y is more reactive than X, and W is more reactive than Z. D Y is more reactive than X, and Z is more reactive than W."
m,2020,22,24,9 The Periodic Table,
m,2020,22,25,9 The Periodic Table,"Sodium is a Group I metal. Which property, that is typical of most metals, is not shown by sodium? conductor of heat B high melting point C malleable D shiny"
m,2020,22,26,10 Metals,"Four metals, iron, copper, magnesium and Y, are heated separately with their oxides. The results are shown. metal magnesium oxide Y oxide copper oxide iron oxide Y     key magnesium     = reacts copper     = no reaction iron     What is the order of reactivity of the metals, least reactive first? least reactive most reactive A copper iron Y magnesium B copper Y iron magnesium C magnesium iron Y copper D magnesium Y iron copper"
m,2020,22,27,10 Metals,Aluminium is extracted from bauxite by electrolysis. Which statement is correct? Aluminium ions are oxidised to form aluminium. B The cathode has to be replaced regularly because it reacts with the oxygen which is formed. C Cryolite is added to remove impurities. D Carbon dioxide is produced at the anode.
m,2020,22,28,10 Metals,
m,2020,22,29,11 Air and water,Water is treated at a waterworks to make it fit to drink. What is present in the water when it leaves the waterworks? bacteria only B bacteria and insoluble substances C chlorine compounds only D chlorine compounds and soluble substances
m,2020,22,30,11 Air and water,"Sulfur dioxide, carbon monoxide and oxides of nitrogen are common gaseous pollutants found in the air. Which pollutants contribute to acid rain? carbon monoxide and sulfur dioxide B oxides of nitrogen and sulfur dioxide C oxides of nitrogen only D sulfur dioxide only"
m,2020,22,31,11 Air and water,"Oxides of nitrogen, such as NO and NO2, are formed in the petrol engines of cars. They are removed from the exhaust gases by reactions in the car’s catalytic converter. Which row describes how oxides of nitrogen are formed in a petrol engine, and a reaction that happens in the catalytic converter? how oxides of nitrogen are formed a reaction that happens in the catalytic convertor A by the reaction between nitrogen and oxygen from the air 2NO + 2CO → N2 + 2CO2 B by the reaction between nitrogen and oxygen from the air 2NO + 2H2 → N2 + 2H2O C by the reaction between nitrogen compounds in petrol and oxygen from the air 2NO + 2CO → N2 + 2CO2 D by the reaction between nitrogen compounds in petrol and oxygen from the air 2NO + 2H2 → N2 + 2H2O"
m,2020,22,32,10 Metals,Zinc is used to cover iron to prevent it from rusting. Why is zinc a suitable metal to use? Iron is more reactive than zinc. B Iron atoms are bigger than zinc atoms. C Zinc is more reactive than iron. D Zinc atoms are bigger than iron atoms.
m,2020,22,33,11 Air and water,Fertilisers are mixtures of different compounds used to increase the growth of crops. Which pair of substances contain the three essential elements for plant growth? ammonium nitrate and calcium phosphate B ammonium nitrate and potassium chloride C ammonium phosphate and potassium chloride D potassium nitrate and calcium carbonate
m,2020,22,34,12 Sulfur,Which row describes the conditions used in the manufacture of sulfuric acid by the Contact process? catalyst pressure temperature A iron high high B iron low low C vanadium(V) oxide high low D vanadium(V) oxide low high
m,2020,22,35,14 Organic chemistry,Petroleum is an important raw material that is separated into useful products. Which terms describe petroleum and the method used to separate it? description separation method A compound cracking B compound fractional distillation C mixture cracking D mixture fractional distillation
m,2020,22,36,14 Organic chemistry,
m,2020,22,37,14 Organic chemistry,Which row describes the production of ethanol and its properties? can be made from glucose can be made from ethene is used as a fuel is used as a solvent A     key B     = yes C     = no
m,2020,22,38,14 Organic chemistry,Ethanoic acid is a typical carboxylic acid. Which statement about ethanoic acid is correct? It can be oxidised to produce ethanol. B It is a proton acceptor. C It is fully dissociated in water. D It reacts with ethanol to produce ethyl ethanoate and water.
m,2020,22,39,14 Organic chemistry,"Which structure represents the ester made from ethanoic acid and propanol? H H C H H C H C O H C H H C H H C H H C H O C H C H O H H O
H C
H
H
C
H
H
C
H
H
C
H
H
C H
H
C O
B
HH O
H C
H
H
H 
C
H
C
H
H
C
H
C O H H O
H C
H
H
C
H
H
C
H"
m,2020,22,40,14 Organic chemistry,
s,2020,21,1,1 The particulate nature of matter,A mixture of ice and water is left to stand and the ice melts. Which row describes what happens as the ice is melting? temperature of mixture energy changes A increases average kinetic energy of particles increases B increases energy is used to overcome attractive forces C stays the same average kinetic energy of particles increases D stays the same energy is used to overcome attractive forces
s,2020,21,2,2 Experimental techniques,Which piece of apparatus should be used to measure exactly 21.4 cm3 of water? 25 cm3 beaker B 25 cm3 pipette C 50 cm3 burette D 50 cm3 measuring cylinder
s,2020,21,3,"3 Atoms, elements and compounds",The chromatogram for an unknown dye is shown. 12 cm 15 cm 2 cm 9 cm solvent front What is the Rf value of the dye? A 0.60 B 0.64 C 0.75 D 0.82
s,2020,21,4,"3 Atoms, elements and compounds","The atomic number and nucleon number of a potassium atom are shown.
 potassium atom
atomic number 19
nucleon number 39
How many protons, neutrons and electrons are in a potassium ion, K+
?  protons neutrons electrons A 19 20 18 B 19 20 20 C 20 19 18 D 20 19 19"
s,2020,21,5,"3 Atoms, elements and compounds","The electronic structures of two atoms, P and Q, are shown. P Q P and Q combine together to form a compound. What is the type of bonding in the compound and what is the formula of the compound? type of bonding formula A ionic PQ B ionic PQ2 C covalent PQ2 D covalent PQ"
s,2020,21,6,"3 Atoms, elements and compounds","Which row contains a description of metallic bonding and a property that is explained by reference to metallic bonding? description of metallic bonding property explained by metallic bonding A a lattice of negative ions in a sea of electrons a metal will react with an acid, producing hydrogen B a lattice of negative ions in a sea of electrons a piece of a metal can be moulded into different shapes C a lattice of positive ions in a sea of electrons a metal will react with an acid, producing hydrogen D a lattice of positive ions in a sea of electrons a piece of a metal can be moulded into different shapes"
s,2020,21,7,"3 Atoms, elements and compounds",Which statement explains why methane has a lower boiling point than water? Methane has weaker covalent bonds than water. B Methane has weaker attractive forces than water. C Methane molecules are heavier than water molecules. D Methane molecules have more bonds than water molecules.
s,2020,21,8,4 Stoichiometry,"A solution of iron(III) sulfate reacts with aqueous sodium hydroxide to form a red–brown precipitate. What is the balanced equation, including state symbols, for the reaction? FeSO4(aq) + 2NaOH(aq) → Fe(OH)2(s) + Na2SO4(aq) B FeSO4(l) + 2NaOH(l) → Fe(OH)2(s) + Na2SO4(l) C Fe2(SO4)3(aq) + 6NaOH(aq) → 2Fe(OH)3(s) + 3Na2SO4(aq) D Fe2(SO4)3(l) + 6NaOH(aq) → 2Fe(OH)3(s) + 3Na2SO4(l)"
s,2020,21,9,4 Stoichiometry,"The Haber process is a reversible reaction. N2(g) + 3H2(g) 2NH3(g) The reaction has a 30% yield of ammonia. Which volume of ammonia gas, NH3, measured at room temperature and pressure, is obtained by reacting 0.75 moles of hydrogen with excess nitrogen? A 3600 cm3 B 5400 cm3 C 12 000cm3 D 18 000cm3"
s,2020,21,10,6 Chemical energetics,Dilute aqueous sodium chloride is electrolysed using platinum electrodes. What is the half-equation for the reaction at the cathode? A 2H+ + 2e– → H2 B Na+ + e– → Na C 2Cl – → Cl 2 + 2e– D 4OH– → 2H2O + O2 + 4e–
s,2020,21,11,6 Chemical energetics,"The electrolysis of aqueous copper(II) sulfate, using inert electrodes, is shown. aqueous copper(II) sulfate + – Which statement about a reaction at an electrode is correct? Copper ions gain electrons at the negative electrode. B Copper ions gain electrons at the positive electrode. C Hydrogen ions gain electrons at the negative electrode. D Hydrogen ions gain electrons at the positive electrode."
s,2020,21,12,6 Chemical energetics,"The equation for the complete combustion of methane gas is shown. CH4(g) + 2O2(g) → CO2(g) + 2H2O(g) Bond energies are shown. bond bond energy in kJ / mol C–H 412 H–O 463 C=O 743 O=O 498 What is the overall energy change, in kJ /mol, for the above reaction? A –1192 B –694 C +694 D +1192"
s,2020,21,13,7 Chemical reactions,
s,2020,21,14,7 Chemical reactions,
s,2020,21,15,7 Chemical reactions,The rate of reaction between calcium carbonate chips and hydrochloric acid is studied by collecting the volume of gas released in one minute at different temperatures. A graph of rate of reaction against temperature is shown. 80 70 60 50 40 30 20 10 0 rate of reaction cm3 /min temperature / °C 0 10 20 30 40 50 60 Which statement fully explains why increasing the temperature has this effect on the rate? The kinetic energy of the particles increases so the collisions are harder. B The number of collisions between particles increases. C The activation energy needed for the particles to react is reduced. D There are more frequent collisions between particles with enough energy to react.
s,2020,21,16,7 Chemical reactions,"The equation shows the equilibrium between dinitrogen tetroxide, N2O4, and nitrogen dioxide, NO2. The colours of the reactant and product are also shown. N2O4(g) 2NO2(g) colourless brown The forward reaction is endothermic. Which statement is not correct At equilibrium the concentrations of the reactant and the product are constant. B At equilibrium the rate of the forward reaction is equal to the rate of the reverse reaction. C When the pressure is increased a darker brown colour is seen. D When the temperature is increased a darker brown colour is seen."
s,2020,21,17,7 Chemical reactions,
s,2020,21,18,"8 Acids, bases and salts",The graph shows how the pH of a solution changes as an acid is added to an alkali. acid + alkali → salt + water Which letter represents the area of the graph where both acid and salt are present? pH A B C D 14 7 0 volume of acid added
s,2020,21,19,"8 Acids, bases and salts",Which statement describes a weak acid? A It is a proton acceptor and is fully ionised in aqueous solution. B It is a proton acceptor and is partially ionised in aqueous solution. C It is a proton donor and is fully ionised in aqueous solution. D It is a proton donor and is partially ionised in aqueous solution.
s,2020,21,21,"8 Acids, bases and salts","Lead(II) sulfate is an insoluble salt. Which method is suitable for obtaining solid lead(II) sulfate? Mix aqueous lead(II) nitrate and aqueous potassium sulfate, heat to evaporate all of the water, collect the solid and then wash and dry it. B Mix aqueous lead(II) nitrate and aqueous potassium sulfate, filter, collect the filtrate, crystallise, then wash and dry the crystals. C Mix aqueous lead(II) nitrate and dilute sulfuric acid, filter, then wash and dry the residue. D Titrate aqueous lead(II) hydroxide with dilute sulfuric acid, crystallise, then wash and dry the crystals."
s,2020,21,22,10 Metals,"A Group I metal (lithium, sodium or potassium) is reacted with a Group VII element (chlorine, bromine or iodine). Which compound is formed when the Group I metal of highest density reacts with the Group VII element of lowest density? lithium chloride B potassium chloride C potassium iodide D lithium iodid"
s,2020,21,23,10 Metals,"The properties of the element titanium, Ti, can be predicted from its position in the Periodic Table. Which row identifies the properties of titanium? can be used as a catalyst conducts electricity when solid has low density forms coloured compounds A     B     C     D    "
s,2020,21,24,11 Air and water,A balloon is filled with helium. Helium is a noble gas and makes the balloon rise up in the air. The density of air is 1.23 g /dm3 . Which gas is helium? density in g /dm3 reaction with oxygen A 0.0899 burns rapidly B 0.179 does not react with oxygen C 1.78 does not react with oxygen D 3.75 does not react with oxygen
s,2020,21,25,10 Metals,Which property is shown by all metals? They are extracted from their ores by heating with carbon. B They conduct electricity. C They form acidic oxides. D They react with hydrochloric acid to form hydrogen.
s,2020,21,27,10 Metals,
s,2020,21,28,10 Metals,
s,2020,21,29,11 Air and water,
s,2020,21,30,11 Air and water,
s,2020,21,31,11 Air and water,
s,2020,21,32,11 Air and water,
s,2020,21,33,13 Carbonates,
s,2020,21,34,12 Sulfur,
s,2020,21,35,14 Organic chemistry,
s,2020,21,36,14 Organic chemistry,
s,2020,21,37,14 Organic chemistry,
s,2020,21,38,14 Organic chemistry,
s,2020,21,39,14 Organic chemistry,
s,2020,21,40,14 Organic chemistry,
s,2020,22,1,1 The particulate nature of matter,The formula of methane is CH4 and the formula of ethane is C2H6. Which row describes diffusion and the relative rates of diffusion of methane and ethane? description of diffusion relative rate of diffusion A particles move from a high concentration to a low concentration ethane diffuses more quickly than methane B particles move from a high concentration to a low concentration methane diffuses more quickly than ethane C particles move from a low concentration to a high concentration ethane diffuses more quickly than methane D particles move from a low concentration to a high concentration methane diffuses more quickly than e
s,2020,22,2,2 Experimental techniques,Which test is used to show that a sample of water is pure? Evaporate the water to see if any solids remain. B Heat the water to check its boiling point. C Test with anhydrous cobalt(II) chloride. D Use universal indicator paper to check its pH.
s,2020,22,3,2 Experimental techniques,Chromatography is used to separate and identify the components in both coloured and colourless mixtures. For colourless mixtures the chromatogram has to be treated with another chemical. What is the name of this type of chemical? colouring agent B display agent C finding agent D locating agent
s,2020,22,4,"3 Atoms, elements and compounds",Lithium reacts with fluorine to form the compound lithium fluoride. Which statement about this reaction is correct? Each fluorine atom gains one electron. B Each fluorine atom gains two or more electrons. C Each fluorine atom loses one electron. D Each fluorine atom loses two or more electrons
s,2020,22,5,"3 Atoms, elements and compounds","14
6 and C12
6 are isotopes of carbon.
Which statement about these isotopes is correct? 12 6 is more reactive than C14 6 because the atoms have less mass. B C12 6 is more reactive than C14 6 because the atoms have different numbers of neutrons. C The reactions of C12 6 are similar to C14 6 because they have the same number of outer shell electrons. D The reactions of C12 6 are similar to C14 6 because they have the same number of protons in the nucleus."
s,2020,22,6,"3 Atoms, elements and compounds","The molecular structure of hydrazine, N2H4, is shown.  Which description of the bonding in hydrazine is not correct?  Each nitrogen atom has a non-bonding pair of electrons. B Each nitrogen atom has four bonding pairs of electrons. C Each nitrogen atom shares one of its electrons with a nitrogen atom. D Each nitrogen atom shares two of its electrons with hydrogen atoms."
s,2020,22,7,"3 Atoms, elements and compounds","Solid X has a high boiling point.
Its structure has positive ions surrounded by a sea of electrons.
Which other properties does solid X have? brittle and an electrical conductor B brittle and an insulator C malleable and an electrical conductor D malleable and an insulator"
s,2020,22,8,"3 Atoms, elements and compounds",The formulae of some ions are shown. positive ions negative ions Al 3+ Cl – Fe2+ N3– Mg2+ NO3 – Na+ O2– Zn2+ SO4 2– In which row is the formula not correct? compound formula A aluminium oxide Al 2O3 B iron(II) nitride Fe2N3 C sodium sulfate Na2SO4 D zinc nitrate Zn(NO3)2
s,2020,22,9,4 Stoichiometry,The equation for the decomposition of magnesium nitrate is shown. 2Mg(NO3)2(s) → 2MgO(s) + 4NO2(g) + O2(g) Which volume of gas is produced when 0.1 moles of magnesium nitrate is decomposed completely? 1.2 dm3 B 4.8 dm3 C 6.0 dm3 D 8.4 dm3
s,2020,22,10,5 Electricity and chemistry,Which statements about the electrolysis of molten lead(II) bromide are correct? 1 Lead ions move to the anode and are oxidised. 2 Lead ions move to the cathode and are reduced. 3 Bromide ions move to the anode and are oxidised. 4 Bromide ions move to the cathode and are reduced. 2 and 3 
s,2020,22,11,5 Electricity and chemistry,Aqueous copper(II) sulfate is electrolysed using carbon electrodes. Which statement is correct? Bubbles of hydrogen are formed at the anode. B Bubbles of oxygen gas are formed at the cathode. C Copper is deposited at the anode. D The blue colour of the solution fades
s,2020,22,12,6 Chemical energetics,"Nitrogen trifluoride, NF3, is used in the manufacture of certain types of solar panels. The equation
for the formation of nitrogen trifluoride is shown.
N2 + 3F2 → 2NF3
type of bond bond energy (kJ mol–1)
N≡N +950
F–F +150
N–F +280
Using the table of bond energies, what is the energy change for this reaction?  –560 kJ mol–1 B –280 kJ mol–1 C +280 kJ mol–1 D +3080 kJ mol"
s,2020,22,13,6 Chemical energetics,Which statements about hydrogen fuel cells are correct? 1 The reaction between hydrogen and oxygen is endothermic. 2 The waste product in a hydrogen fuel cell is water. 3 A chemical reaction in the cell produces hydrogen which is used as the fuel. 4 A hydrogen fuel cell is used to generate electricity. 2 and 4
s,2020,22,14,7 Chemical reactions,"Which change is a physical change? A Copper(II) carbonate changes colour from green to black when it is heated, and stays black when it cools. B Ethanol reacts with oxygen to form carbon dioxide and water. C Hydrogen peroxide decomposes into water and oxygen when it is boiled. D Ice forms liquid water when it is heated."
s,2020,22,15,7 Chemical reactions,"A student adds excess magnesium ribbon to 10 cm3
 of 0.5 mol / dm3
 sulfuric acid.
The hydrogen gas is collected and its volume measured every 10 seconds.
The experiment is repeated using the same mass of magnesium ribbon with 5cm3
 of 0.5mol / dm3
sulfuric acid added to 5 cm3
 of water.
Which graph shows the results of the second experiment?  volume of hydrogen / cm3 A B C D original experiment time/seconds"
s,2020,22,16,7 Chemical reactions,An equilibrium reaction is shown. N2O4(g) 2NO2(g) The forward reaction is endothermic. What is the effect of changing the temperature and pressure on the equilibrium position? increasing temperature increasing pressure A moves to the left moves to the left B moves to the left moves to the right C moves to the right moves to the left D moves to the right moves to the right
s,2020,22,17,7 Chemical reactions,In which reaction is the underlined compound acting as a reducing agent?  CO2 + C → 2CO B 2CuO + C → 2Cu + CO2 C Fe2O3 + 3CO → 2Fe + 3CO2 D CaCO3 + 2HCl → CaCl 2 + H2O + CO2
s,2020,22,18,"8 Acids, bases and salts","X, Y and Z are oxides of elements in the same row of the Periodic Table.
Some information about each oxide is shown.
oxide solubility
in water
ability to
neutralise
an acid
ability to
neutralise
an alkali
X soluble   key
Y insoluble   = able
Z slightly soluble   = not able  acidic amphoteric basic B amphoteric basic basic C basic amphoteric acidic D basic acidic amphoteric"
s,2020,22,19,"8 Acids, bases and salts",Four different acids are dissolved in water. Which beaker contains the most concentrated strong acid solution? Z– Z– Z– Z– Z– Z– Y– Y– X– C H+ H+ H+ H+ W– W– W– W
s,2020,22,20,"8 Acids, bases and salts",
s,2020,22,21,"8 Acids, bases and salts","Salt S is dissolved in water and three tests are carried out on the solution. test result 1 aqueous sodium hydroxide is added green precipitate formed, insoluble in excess sodium hydroxide 2 dilute nitric acid is added no reaction 3 aqueous barium nitrate is added to the acidified solution from test 2 white precipitate formed What is the identity of S? ron(II) sulfatecopper(II) chloride
B copper(II) sulfate
C iron(II) chloride
D iron(II) sulfate "
s,2020,22,22,9 The Periodic Table,Which statement about the Periodic Table is correct? Most metallic elements are on the left. B Elements in the same period have the same number of outer electrons. C Elements on the left are usually gases. D The relative atomic mass of the elements increases from right to left.
s,2020,22,23,9 The Periodic Table,"The diagram shows elements W, X, Y and Z in a section of the Periodic Table. X Y Z W Which statement about the reactivity of the elements is correct? X is more reactive than Y, and W is more reactive than Z. B X is more reactive than Y, and Z is more reactive than W. C Y is more reactive than X, and W is more reactive than Z. D Y is more reactive than X, and Z is more reactive than W."
s,2020,22,24,9 The Periodic Table,
s,2020,22,25,10 Metals,"Sodium is a Group I metal. Which property, that is typical of most metals, is not shown by sodium? conductor of heat B high melting point C malleable D shiny"
s,2020,22,26,10 Metals,"Four metals, iron, copper, magnesium and Y, are heated separately with their oxides. The results are shown. metal magnesium oxide Y oxide copper oxide iron oxide Y     key magnesium     = reacts copper     = no reaction iron     What is the order of reactivity of the metals, least reactive first? least reactive most reactive A copper iron Y magnesium B copper Y iron magnesium C magnesium iron Y copper D magnesium Y iron copper"
s,2020,22,27,10 Metals,Aluminium is extracted from bauxite by electrolysis. Which statement is correct? Aluminium ions are oxidised to form aluminium. B The cathode has to be replaced regularly because it reacts with the oxygen which is formed. C Cryolite is added to remove impurities. D Carbon dioxide is produced at the anode.
s,2020,22,28,10 Metals,
s,2020,22,29,11 Air and water,Water is treated at a waterworks to make it fit to drink. What is present in the water when it leaves the waterworks? bacteria only B bacteria and insoluble substances C chlorine compounds only D chlorine compounds and soluble substances
s,2020,22,30,11 Air and water,"Sulfur dioxide, carbon monoxide and oxides of nitrogen are common gaseous pollutants found in the air. Which pollutants contribute to acid rain? carbon monoxide and sulfur dioxide B oxides of nitrogen and sulfur dioxide C oxides of nitrogen only D sulfur dioxide only"
s,2020,22,31,11 Air and water,"Oxides of nitrogen, such as NO and NO2, are formed in the petrol engines of cars. They are removed from the exhaust gases by reactions in the car’s catalytic converter. Which row describes how oxides of nitrogen are formed in a petrol engine, and a reaction that happens in the catalytic converter? how oxides of nitrogen are formed a reaction that happens in the catalytic convertor A by the reaction between nitrogen and oxygen from the air 2NO + 2CO → N2 + 2CO2 B by the reaction between nitrogen and oxygen from the air 2NO + 2H2 → N2 + 2H2O C by the reaction between nitrogen compounds in petrol and oxygen from the air 2NO + 2CO → N2 + 2CO2 D by the reaction between nitrogen compounds in petrol and oxygen from the air 2NO + 2H2 → N2 + 2H2O"
s,2020,22,32,11 Air and water,Zinc is used to cover iron to prevent it from rusting. Why is zinc a suitable metal to use? Iron is more reactive than zinc. B Iron atoms are bigger than zinc atoms. C Zinc is more reactive than iron. D Zinc atoms are bigger than iron atoms.
s,2020,22,33,13 Carbonates,Fertilisers are mixtures of different compounds used to increase the growth of crops. Which pair of substances contain the three essential elements for plant growth? ammonium nitrate and calcium phosphate B ammonium nitrate and potassium chloride C ammonium phosphate and potassium chloride D potassium nitrate and calcium carbonate
s,2020,22,34,12 Sulfur,Which row describes the conditions used in the manufacture of sulfuric acid by the Contact process? catalyst pressure temperature A iron high high B iron low low C vanadium(V) oxide high low D vanadium(V) oxide low high
s,2020,22,35,14 Organic chemistry,Petroleum is an important raw material that is separated into useful products. Which terms describe petroleum and the method used to separate it? description separation method A compound cracking B compound fractional distillation C mixture cracking D mixture fractional distillation
s,2020,22,36,14 Organic chemistry,
s,2020,22,37,14 Organic chemistry,Which row describes the production of ethanol and its properties? can be made from glucose can be made from ethene is used as a fuel is used as a solvent A     key B     = yes C     = no
s,2020,22,38,14 Organic chemistry,Ethanoic acid is a typical carboxylic acid. Which statement about ethanoic acid is correct? It can be oxidised to produce ethanol. B It is a proton acceptor. C It is fully dissociated in water. D It reacts with ethanol to produce ethyl ethanoate and water.
s,2020,22,39,14 Organic chemistry,"Which structure represents the ester made from ethanoic acid and propanol? H H C H H C H C O H C H H C H H C H H C H O C H C H O H H O
H C
H
H
C
H
H
C
H
H
C
H
H
C H
H
C O
B
HH O
H C
H
H
H 
C
H
C
H
H
C
H
C O H H O
H C
H
H
C
H
H
C
H"
s,2020,22,40,14 Organic chemistry,
s,2020,23,1,1 The particulate nature of matter,
s,2020,23,2,2 Experimental techniques,
s,2020,23,3,2 Experimental techniques,
s,2020,23,4,"3 Atoms, elements and compounds",
s,2020,23,5,"3 Atoms, elements and compounds",
s,2020,23,6,"3 Atoms, elements and compounds",
s,2020,23,7,"3 Atoms, elements and compounds",
s,2020,23,8,"3 Atoms, elements and compounds",
s,2020,23,9,4 Stoichiometry,
s,2020,23,10,5 Electricity and chemistry,
s,2020,23,11,5 Electricity and chemistry,
s,2020,23,12,6 Chemical energetics,
s,2020,23,13,6 Chemical energetics,
s,2020,23,14,7 Chemical reactions,
s,2020,23,15,7 Chemical reactions,
s,2020,23,16,7 Chemical reactions,
s,2020,23,17,7 Chemical reactions,
s,2020,23,18,"8 Acids, bases and salts",
s,2020,23,19,"8 Acids, bases and salts",
s,2020,23,20,"8 Acids, bases and salts",
s,2020,23,21,"8 Acids, bases and salts",
s,2020,23,22,9 The Periodic Table,
s,2020,23,23,9 The Periodic Table,
s,2020,23,24,9 The Periodic Table,
s,2020,23,25,10 Metals,
s,2020,23,26,10 Metals,
s,2020,23,27,10 Metals,
s,2020,23,28,10 Metals,
s,2020,23,29,11 Air and water,
s,2020,23,30,11 Air and water,
s,2020,23,31,11 Air and water,
s,2020,23,32,11 Air and water,
s,2020,23,33,13 Carbonates,
s,2020,23,34,12 Sulfur,
s,2020,23,35,14 Organic chemistry,
s,2020,23,36,14 Organic chemistry,
s,2020,23,37,14 Organic chemistry,
s,2020,23,38,14 Organic chemistry,
s,2020,23,39,14 Organic chemistry,
s,2020,23,40,14 Organic chemistry,
w,2020,21,1,1 The particulate nature of matter,A mixture of ice and water is left to stand and the ice melts. Which row describes what happens as the ice is melting? temperature of mixture energy changes A increases average kinetic energy of particles increases B increases energy is used to overcome attractive forces C stays the same average kinetic energy of particles increases D stays the same energy is used to overcome attractive forces
w,2020,21,2,2 Experimental techniques,Which piece of apparatus should be used to measure exactly 21.4 cm3 of water? 25 cm3 beaker B 25 cm3 pipette C 50 cm3 burette D 50 cm3 measuring cylinder
w,2020,21,3,2 Experimental techniques,The chromatogram for an unknown dye is shown. 12 cm 15 cm 2 cm 9 cm solvent front What is the Rf value of the dye? A 0.60 B 0.64 C 0.75 D 0.82
w,2020,21,4,2 Experimental techniques,"The atomic number and nucleon number of a potassium atom are shown.
 potassium atom
atomic number 19
nucleon number 39
How many protons, neutrons and electrons are in a potassium ion, K+
?  protons neutrons electrons A 19 20 18 B 19 20 20 C 20 19 18 D 20 19 19"
w,2020,21,5,"3 Atoms, elements and compounds","The electronic structures of two atoms, P and Q, are shown. P Q P and Q combine together to form a compound. What is the type of bonding in the compound and what is the formula of the compound? type of bonding formula A ionic PQ B ionic PQ2 C covalent PQ2 D covalent PQ"
w,2020,21,6,"3 Atoms, elements and compounds","Which row contains a description of metallic bonding and a property that is explained by reference to metallic bonding? description of metallic bonding property explained by metallic bonding A a lattice of negative ions in a sea of electrons a metal will react with an acid, producing hydrogen B a lattice of negative ions in a sea of electrons a piece of a metal can be moulded into different shapes C a lattice of positive ions in a sea of electrons a metal will react with an acid, producing hydrogen D a lattice of positive ions in a sea of electrons a piece of a metal can be moulded into different shapes"
w,2020,21,7,"3 Atoms, elements and compounds",Which statement explains why methane has a lower boiling point than water? Methane has weaker covalent bonds than water. B Methane has weaker attractive forces than water. C Methane molecules are heavier than water molecules. D Methane molecules have more bonds than water molecules.
w,2020,21,8,"3 Atoms, elements and compounds","A solution of iron(III) sulfate reacts with aqueous sodium hydroxide to form a red–brown precipitate. What is the balanced equation, including state symbols, for the reaction? FeSO4(aq) + 2NaOH(aq) → Fe(OH)2(s) + Na2SO4(aq) B FeSO4(l) + 2NaOH(l) → Fe(OH)2(s) + Na2SO4(l) C Fe2(SO4)3(aq) + 6NaOH(aq) → 2Fe(OH)3(s) + 3Na2SO4(aq) D Fe2(SO4)3(l) + 6NaOH(aq) → 2Fe(OH)3(s) + 3Na2SO4(l)"
w,2020,21,9,"3 Atoms, elements and compounds","The Haber process is a reversible reaction. N2(g) + 3H2(g) 2NH3(g) The reaction has a 30% yield of ammonia. Which volume of ammonia gas, NH3, measured at room temperature and pressure, is obtained by reacting 0.75 moles of hydrogen with excess nitrogen? A 3600 cm3 B 5400 cm3 C 12 000cm3 D 18 000cm3"
w,2020,21,10,"3 Atoms, elements and compounds",Dilute aqueous sodium chloride is electrolysed using platinum electrodes. What is the half-equation for the reaction at the cathode? A 2H+ + 2e– → H2 B Na+ + e– → Na C 2Cl – → Cl 2 + 2e– D 4OH– → 2H2O + O2 + 4e–
w,2020,21,11,4 Stoichiometry,"The electrolysis of aqueous copper(II) sulfate, using inert electrodes, is shown. aqueous copper(II) sulfate + – Which statement about a reaction at an electrode is correct? Copper ions gain electrons at the negative electrode. B Copper ions gain electrons at the positive electrode. C Hydrogen ions gain electrons at the negative electrode. D Hydrogen ions gain electrons at the positive electrode."
w,2020,21,12,4 Stoichiometry,"The equation for the complete combustion of methane gas is shown. CH4(g) + 2O2(g) → CO2(g) + 2H2O(g) Bond energies are shown. bond bond energy in kJ / mol C–H 412 H–O 463 C=O 743 O=O 498 What is the overall energy change, in kJ /mol, for the above reaction? A –1192 B –694 C +694 D +1192"
w,2020,21,13,4 Stoichiometry,
w,2020,21,14,5 Electricity and chemistry,
w,2020,21,15,6 Chemical energetics,The rate of reaction between calcium carbonate chips and hydrochloric acid is studied by collecting the volume of gas released in one minute at different temperatures. A graph of rate of reaction against temperature is shown. 80 70 60 50 40 30 20 10 0 rate of reaction cm3 /min temperature / °C 0 10 20 30 40 50 60 Which statement fully explains why increasing the temperature has this effect on the rate? The kinetic energy of the particles increases so the collisions are harder. B The number of collisions between particles increases. C The activation energy needed for the particles to react is reduced. D There are more frequent collisions between particles with enough energy to react.
w,2020,21,17,6 Chemical energetics,
w,2020,21,18,7 Chemical reactions,The graph shows how the pH of a solution changes as an acid is added to an alkali. acid + alkali → salt + water Which letter represents the area of the graph where both acid and salt are present? pH A B C D 14 7 0 volume of acid added
w,2020,21,19,7 Chemical reactions,Which statement describes a weak acid? A It is a proton acceptor and is fully ionised in aqueous solution. B It is a proton acceptor and is partially ionised in aqueous solution. C It is a proton donor and is fully ionised in aqueous solution. D It is a proton donor and is partially ionised in aqueous solution.
w,2020,21,20,7 Chemical reactions," The apparatus shown is used to prepare aqueous copper(II) sulfate.
Y
solid X
aqueous
copper(II) sulfate
excess of solid X
filter paper
heat
stirrer
What are X and Y?  copper aqueous iron(II) sulfate B copper(II) chloride dilute sulfuric acid C copper(II) oxide dilute sulfuric acid D sulfur aqueous copper(II) chloride"
w,2020,21,21,7 Chemical reactions,"Lead(II) sulfate is an insoluble salt. Which method is suitable for obtaining solid lead(II) sulfate? Mix aqueous lead(II) nitrate and aqueous potassium sulfate, heat to evaporate all of the water, collect the solid and then wash and dry it. B Mix aqueous lead(II) nitrate and aqueous potassium sulfate, filter, collect the filtrate, crystallise, then wash and dry the crystals. C Mix aqueous lead(II) nitrate and dilute sulfuric acid, filter, then wash and dry the residue. D Titrate aqueous lead(II) hydroxide with dilute sulfuric acid, crystallise, then wash and dry the crystals."
w,2020,21,22,"8 Acids, bases and salts","A Group I metal (lithium, sodium or potassium) is reacted with a Group VII element (chlorine, bromine or iodine). Which compound is formed when the Group I metal of highest density reacts with the Group VII element of lowest density? lithium chloride B potassium chloride C potassium iodide D lithium iodid"
w,2020,21,23,"8 Acids, bases and salts","The properties of the element titanium, Ti, can be predicted from its position in the Periodic Table. Which row identifies the properties of titanium? can be used as a catalyst conducts electricity when solid has low density forms coloured compounds A     B     C     D    "
w,2020,21,24,7 Chemical reactions,A balloon is filled with helium. Helium is a noble gas and makes the balloon rise up in the air. The density of air is 1.23 g /dm3 . Which gas is helium? density in g /dm3 reaction with oxygen A 0.0899 burns rapidly B 0.179 does not react with oxygen C 1.78 does not react with oxygen D 3.75 does not react with oxygen
w,2020,21,25,9 The Periodic Table,Which property is shown by all metals? They are extracted from their ores by heating with carbon. B They conduct electricity. C They form acidic oxides. D They react with hydrochloric acid to form hydrogen.
w,2020,21,26,9 The Periodic Table,Sodium nitrate is a white crystalline solid that decomposes on heating. heat sodium nitrate Which row describes the decomposition products formed when sodium nitrate is heated strongly? solid products gaseous products A sodium nitrite NO2 and O2 B sodium nitrite O2 only C sodium oxide NO2 and O2 D sodium oxide O2 only
w,2020,21,27,11 Air and water,
w,2020,21,28,10 Metals,
w,2020,21,29,10 Metals,
w,2020,21,30,10 Metals,
w,2020,21,31,10 Metals,
w,2020,21,32,10 Metals,
w,2020,21,33,12 Sulfur,
w,2020,21,34,13 Carbonates,
w,2020,21,35,14 Organic chemistry,
w,2020,21,36,14 Organic chemistry,
w,2020,21,37,14 Organic chemistry,
w,2020,21,38,14 Organic chemistry,
w,2020,21,39,14 Organic chemistry,
w,2020,21,40,14 Organic chemistry,
w,2020,22,1,1 The particulate nature of matter,The formula of methane is CH4 and the formula of ethane is C2H6. Which row describes diffusion and the relative rates of diffusion of methane and ethane? description of diffusion relative rate of diffusion A particles move from a high concentration to a low concentration ethane diffuses more quickly than methane B particles move from a high concentration to a low concentration methane diffuses more quickly than ethane C particles move from a low concentration to a high concentration ethane diffuses more quickly than methane D particles move from a low concentration to a high concentration methane diffuses more quickly than e
w,2020,22,2,2 Experimental techniques,Which test is used to show that a sample of water is pure? Evaporate the water to see if any solids remain. B Heat the water to check its boiling point. C Test with anhydrous cobalt(II) chloride. D Use universal indicator paper to check its pH.
w,2020,22,3,2 Experimental techniques,Chromatography is used to separate and identify the components in both coloured and colourless mixtures. For colourless mixtures the chromatogram has to be treated with another chemical. What is the name of this type of chemical? colouring agent B display agent C finding agent D locating agent
w,2020,22,4,2 Experimental techniques,Lithium reacts with fluorine to form the compound lithium fluoride. Which statement about this reaction is correct? Each fluorine atom gains one electron. B Each fluorine atom gains two or more electrons. C Each fluorine atom loses one electron. D Each fluorine atom loses two or more electrons
w,2020,22,5,"3 Atoms, elements and compounds","14
6 and C12
6 are isotopes of carbon.
Which statement about these isotopes is correct? 12 6 is more reactive than C14 6 because the atoms have less mass. B C12 6 is more reactive than C14 6 because the atoms have different numbers of neutrons. C The reactions of C12 6 are similar to C14 6 because they have the same number of outer shell electrons. D The reactions of C12 6 are similar to C14 6 because they have the same number of protons in the nucleus."
w,2020,22,6,"3 Atoms, elements and compounds","The molecular structure of hydrazine, N2H4, is shown.  Which description of the bonding in hydrazine is not correct?  Each nitrogen atom has a non-bonding pair of electrons. B Each nitrogen atom has four bonding pairs of electrons. C Each nitrogen atom shares one of its electrons with a nitrogen atom. D Each nitrogen atom shares two of its electrons with hydrogen atoms."
w,2020,22,7,"3 Atoms, elements and compounds","Solid X has a high boiling point.
Its structure has positive ions surrounded by a sea of electrons.
Which other properties does solid X have? brittle and an electrical conductor B brittle and an insulator C malleable and an electrical conductor D malleable and an insulator"
w,2020,22,8,"3 Atoms, elements and compounds",The formulae of some ions are shown. positive ions negative ions Al 3+ Cl – Fe2+ N3– Mg2+ NO3 – Na+ O2– Zn2+ SO4 2– In which row is the formula not correct? compound formula A aluminium oxide Al 2O3 B iron(II) nitride Fe2N3 C sodium sulfate Na2SO4 D zinc nitrate Zn(NO3)2
w,2020,22,9,"3 Atoms, elements and compounds",The equation for the decomposition of magnesium nitrate is shown. 2Mg(NO3)2(s) → 2MgO(s) + 4NO2(g) + O2(g) Which volume of gas is produced when 0.1 moles of magnesium nitrate is decomposed completely? 1.2 dm3 B 4.8 dm3 C 6.0 dm3 D 8.4 dm3
w,2020,22,10,"3 Atoms, elements and compounds",Which statements about the electrolysis of molten lead(II) bromide are correct? 1 Lead ions move to the anode and are oxidised. 2 Lead ions move to the cathode and are reduced. 3 Bromide ions move to the anode and are oxidised. 4 Bromide ions move to the cathode and are reduced. 2 and 3 
w,2020,22,11,4 Stoichiometry,Aqueous copper(II) sulfate is electrolysed using carbon electrodes. Which statement is correct? Bubbles of hydrogen are formed at the anode. B Bubbles of oxygen gas are formed at the cathode. C Copper is deposited at the anode. D The blue colour of the solution fades
w,2020,22,12,4 Stoichiometry,"Nitrogen trifluoride, NF3, is used in the manufacture of certain types of solar panels. The equation
for the formation of nitrogen trifluoride is shown.
N2 + 3F2 → 2NF3
type of bond bond energy (kJ mol–1)
N≡N +950
F–F +150
N–F +280
Using the table of bond energies, what is the energy change for this reaction?  –560 kJ mol–1 B –280 kJ mol–1 C +280 kJ mol–1 D +3080 kJ mol"
w,2020,22,13,4 Stoichiometry,Which statements about hydrogen fuel cells are correct? 1 The reaction between hydrogen and oxygen is endothermic. 2 The waste product in a hydrogen fuel cell is water. 3 A chemical reaction in the cell produces hydrogen which is used as the fuel. 4 A hydrogen fuel cell is used to generate electricity. 2 and 4
w,2020,22,14,5 Electricity and chemistry,"Which change is a physical change? A Copper(II) carbonate changes colour from green to black when it is heated, and stays black when it cools. B Ethanol reacts with oxygen to form carbon dioxide and water. C Hydrogen peroxide decomposes into water and oxygen when it is boiled. D Ice forms liquid water when it is heated."
w,2020,22,15,6 Chemical energetics,"A student adds excess magnesium ribbon to 10 cm3
 of 0.5 mol / dm3
 sulfuric acid.
The hydrogen gas is collected and its volume measured every 10 seconds.
The experiment is repeated using the same mass of magnesium ribbon with 5cm3
 of 0.5mol / dm3
sulfuric acid added to 5 cm3
 of water.
Which graph shows the results of the second experiment?  volume of hydrogen / cm3 A B C D original experiment time/seconds"
w,2020,22,17,6 Chemical energetics,In which reaction is the underlined compound acting as a reducing agent?  CO2 + C → 2CO B 2CuO + C → 2Cu + CO2 C Fe2O3 + 3CO → 2Fe + 3CO2 D CaCO3 + 2HCl → CaCl 2 + H2O + CO2
w,2020,22,18,7 Chemical reactions,"X, Y and Z are oxides of elements in the same row of the Periodic Table.
Some information about each oxide is shown.
oxide solubility
in water
ability to
neutralise
an acid
ability to
neutralise
an alkali
X soluble   key
Y insoluble   = able
Z slightly soluble   = not able  acidic amphoteric basic B amphoteric basic basic C basic amphoteric acidic D basic acidic amphoteric"
w,2020,22,19,7 Chemical reactions,Four different acids are dissolved in water. Which beaker contains the most concentrated strong acid solution? Z– Z– Z– Z– Z– Z– Y– Y– X– C H+ H+ H+ H+ W– W– W– W
w,2020,22,20,7 Chemical reactions,
w,2020,22,21,7 Chemical reactions,"Salt S is dissolved in water and three tests are carried out on the solution. test result 1 aqueous sodium hydroxide is added green precipitate formed, insoluble in excess sodium hydroxide 2 dilute nitric acid is added no reaction 3 aqueous barium nitrate is added to the acidified solution from test 2 white precipitate formed What is the identity of S? ron(II) sulfatecopper(II) chloride
B copper(II) sulfate
C iron(II) chloride
D iron(II) sulfate "
w,2020,22,22,"8 Acids, bases and salts",Which statement about the Periodic Table is correct? Most metallic elements are on the left. B Elements in the same period have the same number of outer electrons. C Elements on the left are usually gases. D The relative atomic mass of the elements increases from right to left.
w,2020,22,23,"8 Acids, bases and salts","The diagram shows elements W, X, Y and Z in a section of the Periodic Table. X Y Z W Which statement about the reactivity of the elements is correct? X is more reactive than Y, and W is more reactive than Z. B X is more reactive than Y, and Z is more reactive than W. C Y is more reactive than X, and W is more reactive than Z. D Y is more reactive than X, and Z is more reactive than W."
w,2020,22,24,7 Chemical reactions,
w,2020,22,25,9 The Periodic Table,"Sodium is a Group I metal. Which property, that is typical of most metals, is not shown by sodium? conductor of heat B high melting point C malleable D shiny"
w,2020,22,26,9 The Periodic Table,"Four metals, iron, copper, magnesium and Y, are heated separately with their oxides. The results are shown. metal magnesium oxide Y oxide copper oxide iron oxide Y     key magnesium     = reacts copper     = no reaction iron     What is the order of reactivity of the metals, least reactive first? least reactive most reactive A copper iron Y magnesium B copper Y iron magnesium C magnesium iron Y copper D magnesium Y iron copper"
w,2020,22,27,11 Air and water,Aluminium is extracted from bauxite by electrolysis. Which statement is correct? Aluminium ions are oxidised to form aluminium. B The cathode has to be replaced regularly because it reacts with the oxygen which is formed. C Cryolite is added to remove impurities. D Carbon dioxide is produced at the anode.
w,2020,22,28,10 Metals,
w,2020,22,29,10 Metals,Water is treated at a waterworks to make it fit to drink. What is present in the water when it leaves the waterworks? bacteria only B bacteria and insoluble substances C chlorine compounds only D chlorine compounds and soluble substances
w,2020,22,30,10 Metals,"Sulfur dioxide, carbon monoxide and oxides of nitrogen are common gaseous pollutants found in the air. Which pollutants contribute to acid rain? carbon monoxide and sulfur dioxide B oxides of nitrogen and sulfur dioxide C oxides of nitrogen only D sulfur dioxide only"
w,2020,22,31,10 Metals,"Oxides of nitrogen, such as NO and NO2, are formed in the petrol engines of cars. They are removed from the exhaust gases by reactions in the car’s catalytic converter. Which row describes how oxides of nitrogen are formed in a petrol engine, and a reaction that happens in the catalytic converter? how oxides of nitrogen are formed a reaction that happens in the catalytic convertor A by the reaction between nitrogen and oxygen from the air 2NO + 2CO → N2 + 2CO2 B by the reaction between nitrogen and oxygen from the air 2NO + 2H2 → N2 + 2H2O C by the reaction between nitrogen compounds in petrol and oxygen from the air 2NO + 2CO → N2 + 2CO2 D by the reaction between nitrogen compounds in petrol and oxygen from the air 2NO + 2H2 → N2 + 2H2O"
w,2020,22,32,10 Metals,Zinc is used to cover iron to prevent it from rusting. Why is zinc a suitable metal to use? Iron is more reactive than zinc. B Iron atoms are bigger than zinc atoms. C Zinc is more reactive than iron. D Zinc atoms are bigger than iron atoms.
w,2020,22,33,12 Sulfur,Fertilisers are mixtures of different compounds used to increase the growth of crops. Which pair of substances contain the three essential elements for plant growth? ammonium nitrate and calcium phosphate B ammonium nitrate and potassium chloride C ammonium phosphate and potassium chloride D potassium nitrate and calcium carbonate
w,2020,22,34,13 Carbonates,Which row describes the conditions used in the manufacture of sulfuric acid by the Contact process? catalyst pressure temperature A iron high high B iron low low C vanadium(V) oxide high low D vanadium(V) oxide low high
w,2020,22,35,14 Organic chemistry,Petroleum is an important raw material that is separated into useful products. Which terms describe petroleum and the method used to separate it? description separation method A compound cracking B compound fractional distillation C mixture cracking D mixture fractional distillation
w,2020,22,36,14 Organic chemistry,
w,2020,22,37,14 Organic chemistry,Which row describes the production of ethanol and its properties? can be made from glucose can be made from ethene is used as a fuel is used as a solvent A     key B     = yes C     = no
w,2020,22,38,14 Organic chemistry,Ethanoic acid is a typical carboxylic acid. Which statement about ethanoic acid is correct? It can be oxidised to produce ethanol. B It is a proton acceptor. C It is fully dissociated in water. D It reacts with ethanol to produce ethyl ethanoate and water.
w,2020,22,39,14 Organic chemistry,"Which structure represents the ester made from ethanoic acid and propanol? H H C H H C H C O H C H H C H H C H H C H O C H C H O H H O
H C
H
H
C
H
H
C
H
H
C
H
H
C H
H
C O
B
HH O
H C
H
H
H 
C
H
C
H
H
C
H
C O H H O
H C
H
H
C
H
H
C
H"
w,2020,22,40,14 Organic chemistry,
w,2020,23,1,1 The particulate nature of matter,
w,2020,23,2,2 Experimental techniques,
w,2020,23,3,2 Experimental techniques,
w,2020,23,4,2 Experimental techniques,
w,2020,23,5,"3 Atoms, elements and compounds",
w,2020,23,6,"3 Atoms, elements and compounds",
w,2020,23,7,"3 Atoms, elements and compounds",
w,2020,23,8,"3 Atoms, elements and compounds",
w,2020,23,9,"3 Atoms, elements and compounds",
w,2020,23,10,"3 Atoms, elements and compounds",
w,2020,23,11,4 Stoichiometry,
w,2020,23,12,4 Stoichiometry,
w,2020,23,13,4 Stoichiometry,
w,2020,23,14,5 Electricity and chemistry,
w,2020,23,15,6 Chemical energetics,
w,2020,23,17,6 Chemical energetics,
w,2020,23,18,7 Chemical reactions,
w,2020,23,19,7 Chemical reactions,
w,2020,23,20,7 Chemical reactions,
w,2020,23,21,7 Chemical reactions,
w,2020,23,22,"8 Acids, bases and salts",
w,2020,23,23,"8 Acids, bases and salts",
w,2020,23,24,7 Chemical reactions,
w,2020,23,25,9 The Periodic Table,
w,2020,23,26,9 The Periodic Table,
w,2020,23,27,11 Air and water,
w,2020,23,28,10 Metals,
w,2020,23,29,10 Metals,
w,2020,23,30,10 Metals,
w,2020,23,31,10 Metals,
w,2020,23,32,10 Metals,
w,2020,23,33,12 Sulfur,
w,2020,23,34,13 Carbonates,
w,2020,23,35,14 Organic chemistry,
w,2020,23,36,14 Organic chemistry,
w,2020,23,37,14 Organic chemistry,
w,2020,23,38,14 Organic chemistry,
w,2020,23,39,14 Organic chemistry,
w,2020,23,40,14 Organic chemistry,
m,2021,22,1,14 Organic chemistry,
m,2021,22,2,2 Experimental techniques,
m,2021,22,3,2 Experimental techniques,
m,2021,22,4,"3 Atoms, elements and compounds",
m,2021,22,5,"3 Atoms, elements and compounds",
m,2021,22,6,"3 Atoms, elements and compounds",
m,2021,22,9,4 Stoichiometry,
m,2021,22,10,5 Electricity and chemistry,
m,2021,22,11,5 Electricity and chemistry,
m,2021,22,12,6 Chemical energetics,
m,2021,22,13,6 Chemical energetics,
m,2021,22,14,7 Chemical reactions,
m,2021,22,15,7 Chemical reactions,
m,2021,22,16,7 Chemical reactions,
m,2021,22,17,7 Chemical reactions,
m,2021,22,18,"8 Acids, bases and salts",
m,2021,22,19,"8 Acids, bases and salts",
m,2021,22,20,"8 Acids, bases and salts",
m,2021,22,21,"8 Acids, bases and salts",
m,2021,22,22,9 The Periodic Table,
m,2021,22,23,9 The Periodic Table,
m,2021,22,24,9 The Periodic Table,
m,2021,22,25,9 The Periodic Table,
m,2021,22,26,10 Metals,
m,2021,22,27,10 Metals,
m,2021,22,28,10 Metals,
m,2021,22,29,11 Air and water,
m,2021,22,30,11 Air and water,
m,2021,22,31,11 Air and water,
m,2021,22,32,10 Metals,
m,2021,22,33,11 Air and water,
m,2021,22,34,12 Sulfur,
m,2021,22,35,14 Organic chemistry,
m,2021,22,36,14 Organic chemistry,
m,2021,22,37,14 Organic chemistry,
m,2021,22,38,14 Organic chemistry,
m,2021,22,39,14 Organic chemistry,
m,2021,22,40,14 Organic chemistry,
s,2021,21,1,1 The particulate nature of matter,
s,2021,21,2,2 Experimental techniques,
s,2021,21,3,"3 Atoms, elements and compounds",
s,2021,21,4,"3 Atoms, elements and compounds",
s,2021,21,5,"3 Atoms, elements and compounds",
s,2021,21,6,"3 Atoms, elements and compounds",
s,2021,21,7,"3 Atoms, elements and compounds",
s,2021,21,8,4 Stoichiometry,
s,2021,21,9,4 Stoichiometry,
s,2021,21,10,6 Chemical energetics,
s,2021,21,11,6 Chemical energetics,
s,2021,21,12,6 Chemical energetics,
s,2021,21,13,7 Chemical reactions,
s,2021,21,14,7 Chemical reactions,
s,2021,21,15,7 Chemical reactions,
s,2021,21,16,7 Chemical reactions,
s,2021,21,17,7 Chemical reactions,
s,2021,21,18,"8 Acids, bases and salts",
s,2021,21,19,"8 Acids, bases and salts",
s,2021,21,21,"8 Acids, bases and salts",
s,2021,21,22,10 Metals,
s,2021,21,23,10 Metals,
s,2021,21,24,11 Air and water,
s,2021,21,25,10 Metals,
s,2021,21,27,10 Metals,
s,2021,21,28,10 Metals,
s,2021,21,29,11 Air and water,
s,2021,21,30,11 Air and water,
s,2021,21,31,11 Air and water,
s,2021,21,32,11 Air and water,
s,2021,21,33,13 Carbonates,
s,2021,21,34,12 Sulfur,
s,2021,21,35,14 Organic chemistry,
s,2021,21,36,14 Organic chemistry,
s,2021,21,37,14 Organic chemistry,
s,2021,21,38,14 Organic chemistry,
s,2021,21,39,14 Organic chemistry,
s,2021,21,40,14 Organic chemistry,
s,2021,22,1,1 The particulate nature of matter,
s,2021,22,2,2 Experimental techniques,
s,2021,22,3,2 Experimental techniques,
s,2021,22,4,"3 Atoms, elements and compounds",
s,2021,22,5,"3 Atoms, elements and compounds",
s,2021,22,6,"3 Atoms, elements and compounds",
s,2021,22,7,"3 Atoms, elements and compounds",
s,2021,22,8,"3 Atoms, elements and compounds",
s,2021,22,9,4 Stoichiometry,
s,2021,22,10,5 Electricity and chemistry,
s,2021,22,11,5 Electricity and chemistry,
s,2021,22,12,6 Chemical energetics,
s,2021,22,13,6 Chemical energetics,
s,2021,22,14,7 Chemical reactions,
s,2021,22,15,7 Chemical reactions,
s,2021,22,16,7 Chemical reactions,
s,2021,22,17,7 Chemical reactions,
s,2021,22,18,"8 Acids, bases and salts",
s,2021,22,19,"8 Acids, bases and salts",
s,2021,22,20,"8 Acids, bases and salts",
s,2021,22,21,"8 Acids, bases and salts",
s,2021,22,22,9 The Periodic Table,
s,2021,22,23,9 The Periodic Table,
s,2021,22,24,9 The Periodic Table,
s,2021,22,25,10 Metals,
s,2021,22,26,10 Metals,
s,2021,22,27,10 Metals,
s,2021,22,28,10 Metals,
s,2021,22,29,11 Air and water,
s,2021,22,30,11 Air and water,
s,2021,22,31,11 Air and water,
s,2021,22,32,11 Air and water,
s,2021,22,33,13 Carbonates,
s,2021,22,34,12 Sulfur,
s,2021,22,35,14 Organic chemistry,
s,2021,22,36,14 Organic chemistry,
s,2021,22,37,14 Organic chemistry,
s,2021,22,38,14 Organic chemistry,
s,2021,22,39,14 Organic chemistry,
s,2021,22,40,14 Organic chemistry,
s,2021,23,1,1 The particulate nature of matter,
s,2021,23,2,2 Experimental techniques,
s,2021,23,3,2 Experimental techniques,
s,2021,23,4,"3 Atoms, elements and compounds",
s,2021,23,5,"3 Atoms, elements and compounds",
s,2021,23,6,"3 Atoms, elements and compounds",
s,2021,23,7,"3 Atoms, elements and compounds",
s,2021,23,8,"3 Atoms, elements and compounds",
s,2021,23,9,4 Stoichiometry,
s,2021,23,10,5 Electricity and chemistry,
s,2021,23,11,5 Electricity and chemistry,
s,2021,23,12,6 Chemical energetics,
s,2021,23,13,6 Chemical energetics,
s,2021,23,14,7 Chemical reactions,
s,2021,23,15,7 Chemical reactions,
s,2021,23,16,7 Chemical reactions,
s,2021,23,17,7 Chemical reactions,
s,2021,23,18,"8 Acids, bases and salts",
s,2021,23,19,"8 Acids, bases and salts",
s,2021,23,20,"8 Acids, bases and salts",
s,2021,23,21,"8 Acids, bases and salts",
s,2021,23,22,9 The Periodic Table,
s,2021,23,23,9 The Periodic Table,
s,2021,23,24,9 The Periodic Table,
s,2021,23,25,10 Metals,
s,2021,23,26,10 Metals,
s,2021,23,27,10 Metals,
s,2021,23,28,10 Metals,
s,2021,23,29,11 Air and water,
s,2021,23,30,11 Air and water,
s,2021,23,31,11 Air and water,
s,2021,23,32,11 Air and water,
s,2021,23,33,13 Carbonates,
s,2021,23,34,12 Sulfur,
s,2021,23,35,14 Organic chemistry,
s,2021,23,36,14 Organic chemistry,
s,2021,23,37,14 Organic chemistry,
s,2021,23,38,14 Organic chemistry,
s,2021,23,39,14 Organic chemistry,
s,2021,23,40,14 Organic chemistry,
w,2021,21,1,1 The particulate nature of matter,
w,2021,21,2,2 Experimental techniques,
w,2021,21,3,2 Experimental techniques,
w,2021,21,4,2 Experimental techniques,
w,2021,21,5,"3 Atoms, elements and compounds",
w,2021,21,6,"3 Atoms, elements and compounds",
w,2021,21,7,"3 Atoms, elements and compounds",
w,2021,21,8,"3 Atoms, elements and compounds",
w,2021,21,9,"3 Atoms, elements and compounds",
w,2021,21,10,"3 Atoms, elements and compounds",
w,2021,21,11,4 Stoichiometry,
w,2021,21,12,4 Stoichiometry,
w,2021,21,13,4 Stoichiometry,
w,2021,21,14,5 Electricity and chemistry,
w,2021,21,15,6 Chemical energetics,
w,2021,21,17,6 Chemical energetics,
w,2021,21,18,7 Chemical reactions,
w,2021,21,19,7 Chemical reactions,
w,2021,21,20,7 Chemical reactions,
w,2021,21,21,7 Chemical reactions,
w,2021,21,22,"8 Acids, bases and salts",
w,2021,21,23,"8 Acids, bases and salts",
w,2021,21,24,7 Chemical reactions,
w,2021,21,25,9 The Periodic Table,
w,2021,21,26,9 The Periodic Table,
w,2021,21,27,11 Air and water,
w,2021,21,28,10 Metals,
w,2021,21,29,10 Metals,
w,2021,21,30,10 Metals,
w,2021,21,31,10 Metals,
w,2021,21,32,10 Metals,
w,2021,21,33,12 Sulfur,
w,2021,21,34,13 Carbonates,
w,2021,21,35,14 Organic chemistry,
w,2021,21,36,14 Organic chemistry,
w,2021,21,37,14 Organic chemistry,
w,2021,21,38,14 Organic chemistry,
w,2021,21,39,14 Organic chemistry,
w,2021,21,40,14 Organic chemistry,
w,2021,22,1,1 The particulate nature of matter,
w,2021,22,2,2 Experimental techniques,
w,2021,22,3,2 Experimental techniques,
w,2021,22,4,2 Experimental techniques,
w,2021,22,5,"3 Atoms, elements and compounds",
w,2021,22,6,"3 Atoms, elements and compounds",
w,2021,22,7,"3 Atoms, elements and compounds",
w,2021,22,8,"3 Atoms, elements and compounds",
w,2021,22,9,"3 Atoms, elements and compounds",
w,2021,22,10,"3 Atoms, elements and compounds",
w,2021,22,11,4 Stoichiometry,
w,2021,22,12,4 Stoichiometry,
w,2021,22,13,4 Stoichiometry,
w,2021,22,14,5 Electricity and chemistry,
w,2021,22,15,6 Chemical energetics,
w,2021,22,17,6 Chemical energetics,
w,2021,22,18,7 Chemical reactions,
w,2021,22,19,7 Chemical reactions,
w,2021,22,20,7 Chemical reactions,
w,2021,22,21,7 Chemical reactions,
w,2021,22,22,"8 Acids, bases and salts",
w,2021,22,23,"8 Acids, bases and salts",
w,2021,22,24,7 Chemical reactions,
w,2021,22,25,9 The Periodic Table,
w,2021,22,26,9 The Periodic Table,
w,2021,22,27,11 Air and water,
w,2021,22,28,10 Metals,
w,2021,22,29,10 Metals,
w,2021,22,30,10 Metals,
w,2021,22,31,10 Metals,
w,2021,22,32,10 Metals,
w,2021,22,33,12 Sulfur,
w,2021,22,34,13 Carbonates,
w,2021,22,35,14 Organic chemistry,
w,2021,22,36,14 Organic chemistry,
w,2021,22,37,14 Organic chemistry,
w,2021,22,38,14 Organic chemistry,
w,2021,22,39,14 Organic chemistry,
w,2021,22,40,14 Organic chemistry,
w,2021,23,1,1 The particulate nature of matter,
w,2021,23,2,2 Experimental techniques,
w,2021,23,3,2 Experimental techniques,
w,2021,23,4,2 Experimental techniques,
w,2021,23,5,"3 Atoms, elements and compounds",
w,2021,23,6,"3 Atoms, elements and compounds",
w,2021,23,7,"3 Atoms, elements and compounds",
w,2021,23,8,"3 Atoms, elements and compounds",
w,2021,23,9,"3 Atoms, elements and compounds",
w,2021,23,10,"3 Atoms, elements and compounds",
w,2021,23,11,4 Stoichiometry,
w,2021,23,12,4 Stoichiometry,
w,2021,23,13,4 Stoichiometry,
w,2021,23,14,5 Electricity and chemistry,
w,2021,23,15,6 Chemical energetics,
w,2021,23,17,6 Chemical energetics,
w,2021,23,18,7 Chemical reactions,
w,2021,23,19,7 Chemical reactions,
w,2021,23,20,7 Chemical reactions,
w,2021,23,21,7 Chemical reactions,
w,2021,23,22,"8 Acids, bases and salts",
w,2021,23,23,"8 Acids, bases and salts",
w,2021,23,24,7 Chemical reactions,
w,2021,23,25,9 The Periodic Table,
w,2021,23,26,9 The Periodic Table,
w,2021,23,27,11 Air and water,
w,2021,23,28,10 Metals,
w,2021,23,29,10 Metals,
w,2021,23,30,10 Metals,
w,2021,23,31,10 Metals,
w,2021,23,32,10 Metals,
w,2021,23,33,12 Sulfur,
w,2021,23,34,13 Carbonates,
w,2021,23,35,14 Organic chemistry,
w,2021,23,36,14 Organic chemistry,
w,2021,23,37,14 Organic chemistry,
w,2021,23,38,14 Organic chemistry,
w,2021,23,39,14 Organic chemistry,
w,2021,23,40,14 Organic chemistry,
